{"/LXNxHyefuUajKQCIrN2Iw==":"mbr-1920x1440.png","krQhURdpyHRwvSiCTAYepw==":"mbr-1256x838.jpg","bPea1FME58YDxZkUmaJRcw==":"mbr-596x397.jpg","wyZaTgR8X9VGejiCPXwvXw==":"mbr-1-596x397.jpg","yj65sRuI116jFLEwblFzpQ==":"mbr-4-596x397.jpg","5oPK1SFHulevFYkrYKzJZA==":"mbr-596x447.jpg","avvqA70996b1K9wVBqlPyw==":"mbr-596x401.jpg","KonTLiEUyrslutBRFAYAsQ==":"mbr-596x401.jpeg","pOu5RVJOYUVtoRmCFCuY7Q==":"mbr-1920x1280.jpg","w83uDO7df7KKhPdDldUGYg==":"mbr-1-1920x1280.jpg","8cRf2rMsVHRj++7zzvhg6w==":"mbr-198x198.jpg","2Jh0s8lhGPLEo5OaB3E4kw==":"logo-ustadz-my-id-1.png","Svs9b65sMkH4aX9y/sDSfw==":"5-1076x563.jpg","5tDfpD+s9oUNeFJGkqsc1Q==":"nikah%20siri%20terdekat-1076x605.jpg","juesIetgK2/DR6tzgOgQ0g==":"jasa-nikah-siri-1076x1076.png","2KngCKiYtqT2GQQzY/BBbw==":"jasa%20nikah%20siri-180x215.jpeg","NoySfvZumcU5JJoDxkS1Dw==":"317930934_495053822691828_2496897887888449823_n-600x600.jpeg","8hWZN+NKOlKhQROWQWBsiA==":"5-696x696.png","lGGuY85xPYE7t5ypeZhwlA==":"262837659_205821808376817_381480602402882870_n-600x1067.jpeg","5bb8F0YXPaRnpaZQG0a0Ng==":"293523648_113748808064278_2158673076333234818_n-600x445.jpeg","lq9X1fX966CfJv44IdaDwg==":"351501626_157770877278732_341620730377137414_n-600x800.jpeg","C+DRUd/U4YPkxoUcyNvfNQ==":"jasa%20nikah%20siri%20jakarta-1076x1076.jpg","s3COxxbGqp6rsvLlvOgltg==":"jasa%20nikah%20siri-180x215.jpeg","KAC+J2NAEEXRm2jYgjt9lg==":"275564339_149663997530851_2862295983100404846_n-1500x1500.jpg","k3qfglKtc58WUmMceTM84Q==":"325397434_5910935385641629_5059212532262174743_n-720x540.jpg","HciaEeuA9SpFfsPXKofipQ==":"448173589_122200651388007032_4445323932147585766_n-1599x899.jpg","WdJwc0l3v/5xnijQw0Qbkw==":"jasa%20nikah%20siri%20-%2020-1500x1500.jpg","jE2pVYzu/sBrN9eIfpubhQ==":"surat%20nikah%20siri-375x500.jpg","A/hUiXDvi9IIY9+n7zZgpA==":"nikah-siri-terdekat-350x70.png","IR50eEAa/gjv9e3Jv2cWTg==":"background5.jpg","oRykAiO0rUD++7AmPeEwUg==":"background1.jpg","n1dx+NZv3qks526xC0hZ5Q==":"background13.jpg"}